actualStartTime,description,tournamentLevel,matchNumber,scoreRedFinal,scoreRedFoul,scoreRedAuto,scoreBlueFinal,scoreBlueFoul,scoreBlueAuto,postResultTime,teams
2017-03-31T08:59:37.27,Qualification 1,Qualification,1,305,0,75,195,50,15,2017-03-31T09:03:37.2733333,"[{'teamNumber': 1756, 'station': 'Red1', 'dq': False}, {'teamNumber': 111, 'station': 'Red2', 'dq': False}, {'teamNumber': 1288, 'station': 'Red3', 'dq': False}, {'teamNumber': 2704, 'station': 'Blue1', 'dq': False}, {'teamNumber': 3067, 'station': 'Blue2', 'dq': False}, {'teamNumber': 3138, 'station': 'Blue3', 'dq': False}]"
2017-03-31T09:09:18.6133333,Qualification 2,Qualification,2,266,30,16,145,0,15,2017-03-31T09:12:00.8566667,"[{'teamNumber': 4096, 'station': 'Red1', 'dq': False}, {'teamNumber': 2136, 'station': 'Red2', 'dq': False}, {'teamNumber': 2338, 'station': 'Red3', 'dq': False}, {'teamNumber': 2151, 'station': 'Blue1', 'dq': False}, {'teamNumber': 5934, 'station': 'Blue2', 'dq': False}, {'teamNumber': 3734, 'station': 'Blue3', 'dq': False}]"
2017-03-31T09:17:42.5733333,Qualification 3,Qualification,3,230,0,10,161,0,27,2017-03-31T09:20:23.15,"[{'teamNumber': 5822, 'station': 'Red1', 'dq': False}, {'teamNumber': 3488, 'station': 'Red2', 'dq': False}, {'teamNumber': 4284, 'station': 'Red3', 'dq': False}, {'teamNumber': 2781, 'station': 'Blue1', 'dq': False}, {'teamNumber': 5125, 'station': 'Blue2', 'dq': False}, {'teamNumber': 16, 'station': 'Blue3', 'dq': False}]"
2017-03-31T09:28:03.0133333,Qualification 4,Qualification,4,425,175,70,80,0,0,2017-03-31T09:30:52.8633333,"[{'teamNumber': 4979, 'station': 'Red1', 'dq': False}, {'teamNumber': 1511, 'station': 'Red2', 'dq': False}, {'teamNumber': 4524, 'station': 'Red3', 'dq': False}, {'teamNumber': 6651, 'station': 'Blue1', 'dq': False}, {'teamNumber': 4292, 'station': 'Blue2', 'dq': False}, {'teamNumber': 2725, 'station': 'Blue3', 'dq': True}]"
2017-03-31T09:36:00.7766667,Qualification 5,Qualification,5,308,0,78,316,50,77,2017-03-31T09:38:42.47,"[{'teamNumber': 2039, 'station': 'Red1', 'dq': False}, {'teamNumber': 1592, 'station': 'Red2', 'dq': False}, {'teamNumber': 383, 'station': 'Red3', 'dq': False}, {'teamNumber': 144, 'station': 'Blue1', 'dq': False}, {'teamNumber': 2022, 'station': 'Blue2', 'dq': False}, {'teamNumber': 2709, 'station': 'Blue3', 'dq': False}]"
2017-03-31T09:44:10.54,Qualification 6,Qualification,6,300,0,70,185,0,15,2017-03-31T09:47:34.5766667,"[{'teamNumber': 1739, 'station': 'Red1', 'dq': False}, {'teamNumber': 3620, 'station': 'Red2', 'dq': False}, {'teamNumber': 1625, 'station': 'Red3', 'dq': False}, {'teamNumber': 2526, 'station': 'Blue1', 'dq': False}, {'teamNumber': 3110, 'station': 'Blue2', 'dq': False}, {'teamNumber': 4655, 'station': 'Blue3', 'dq': False}]"
2017-03-31T09:52:03.7066667,Qualification 7,Qualification,7,205,0,75,286,0,45,2017-03-31T09:54:45.6833333,"[{'teamNumber': 3061, 'station': 'Red1', 'dq': False}, {'teamNumber': 5847, 'station': 'Red2', 'dq': False}, {'teamNumber': 3352, 'station': 'Red3', 'dq': False}, {'teamNumber': 101, 'station': 'Blue1', 'dq': False}, {'teamNumber': 2451, 'station': 'Blue2', 'dq': False}, {'teamNumber': 1986, 'station': 'Blue3', 'dq': False}]"
2017-03-31T09:59:05.34,Qualification 8,Qualification,8,245,0,75,253,0,73,2017-03-31T10:02:02.9833333,"[{'teamNumber': 1405, 'station': 'Red1', 'dq': False}, {'teamNumber': 1939, 'station': 'Red2', 'dq': False}, {'teamNumber': 4787, 'station': 'Red3', 'dq': False}, {'teamNumber': 1781, 'station': 'Blue1', 'dq': False}, {'teamNumber': 5350, 'station': 'Blue2', 'dq': False}, {'teamNumber': 4213, 'station': 'Blue3', 'dq': False}]"
2017-03-31T10:07:02.7,Qualification 9,Qualification,9,241,25,76,320,125,15,2017-03-31T10:09:43.01,"[{'teamNumber': 4645, 'station': 'Red1', 'dq': False}, {'teamNumber': 1736, 'station': 'Red2', 'dq': False}, {'teamNumber': 5811, 'station': 'Red3', 'dq': False}, {'teamNumber': 2151, 'station': 'Blue1', 'dq': False}, {'teamNumber': 1723, 'station': 'Blue2', 'dq': False}, {'teamNumber': 4241, 'station': 'Blue3', 'dq': False}]"
2017-03-31T10:14:13.8166667,Qualification 10,Qualification,10,250,0,70,337,50,17,2017-03-31T10:16:54.0033333,"[{'teamNumber': 4979, 'station': 'Red1', 'dq': False}, {'teamNumber': 2725, 'station': 'Red2', 'dq': True}, {'teamNumber': 1288, 'station': 'Red3', 'dq': False}, {'teamNumber': 5822, 'station': 'Blue1', 'dq': False}, {'teamNumber': 2338, 'station': 'Blue2', 'dq': False}, {'teamNumber': 144, 'station': 'Blue3', 'dq': False}]"
2017-03-31T10:22:33.97,Qualification 11,Qualification,11,195,0,15,309,0,78,2017-03-31T10:26:30.4633333,"[{'teamNumber': 2781, 'station': 'Red1', 'dq': False}, {'teamNumber': 5934, 'station': 'Red2', 'dq': False}, {'teamNumber': 101, 'station': 'Red3', 'dq': False}, {'teamNumber': 2022, 'station': 'Blue1', 'dq': False}, {'teamNumber': 4655, 'station': 'Blue2', 'dq': True}, {'teamNumber': 3734, 'station': 'Blue3', 'dq': False}]"
2017-03-31T10:32:03.33,Qualification 12,Qualification,12,255,0,75,346,50,87,2017-03-31T10:34:54.58,"[{'teamNumber': 2039, 'station': 'Red1', 'dq': False}, {'teamNumber': 2704, 'station': 'Red2', 'dq': False}, {'teamNumber': 1405, 'station': 'Red3', 'dq': False}, {'teamNumber': 1511, 'station': 'Blue1', 'dq': False}, {'teamNumber': 1739, 'station': 'Blue2', 'dq': False}, {'teamNumber': 1986, 'station': 'Blue3', 'dq': False}]"
2017-03-31T10:40:09.77,Qualification 13,Qualification,13,160,0,70,260,0,79,2017-03-31T10:42:58.0633333,"[{'teamNumber': 5811, 'station': 'Red1', 'dq': False}, {'teamNumber': 4292, 'station': 'Red2', 'dq': False}, {'teamNumber': 3138, 'station': 'Red3', 'dq': False}, {'teamNumber': 4787, 'station': 'Blue1', 'dq': False}, {'teamNumber': 1592, 'station': 'Blue2', 'dq': False}, {'teamNumber': 1736, 'station': 'Blue3', 'dq': False}]"
2017-03-31T10:47:34.1533333,Qualification 14,Qualification,14,90,0,10,134,0,11,2017-03-31T10:50:15.4066667,"[{'teamNumber': 6651, 'station': 'Red1', 'dq': False}, {'teamNumber': 1756, 'station': 'Red2', 'dq': False}, {'teamNumber': 5125, 'station': 'Red3', 'dq': False}, {'teamNumber': 1625, 'station': 'Blue1', 'dq': False}, {'teamNumber': 2451, 'station': 'Blue2', 'dq': False}, {'teamNumber': 1723, 'station': 'Blue3', 'dq': False}]"
2017-03-31T10:54:29.7566667,Qualification 15,Qualification,15,310,0,80,180,0,10,2017-03-31T10:57:52.0766667,"[{'teamNumber': 4645, 'station': 'Red1', 'dq': False}, {'teamNumber': 4213, 'station': 'Red2', 'dq': False}, {'teamNumber': 16, 'station': 'Red3', 'dq': False}, {'teamNumber': 5350, 'station': 'Blue1', 'dq': False}, {'teamNumber': 4096, 'station': 'Blue2', 'dq': False}, {'teamNumber': 3110, 'station': 'Blue3', 'dq': False}]"
2017-03-31T11:01:27.6066667,Qualification 16,Qualification,16,409,150,79,201,0,70,2017-03-31T11:04:11.0166667,"[{'teamNumber': 4284, 'station': 'Red1', 'dq': False}, {'teamNumber': 3620, 'station': 'Red2', 'dq': False}, {'teamNumber': 1781, 'station': 'Red3', 'dq': False}, {'teamNumber': 383, 'station': 'Blue1', 'dq': False}, {'teamNumber': 3061, 'station': 'Blue2', 'dq': False}, {'teamNumber': 3067, 'station': 'Blue3', 'dq': False}]"
2017-03-31T11:10:26.0433333,Qualification 17,Qualification,17,160,0,70,205,0,75,2017-03-31T11:13:10.0233333,"[{'teamNumber': 2136, 'station': 'Red1', 'dq': False}, {'teamNumber': 1939, 'station': 'Red2', 'dq': False}, {'teamNumber': 4524, 'station': 'Red3', 'dq': False}, {'teamNumber': 3488, 'station': 'Blue1', 'dq': False}, {'teamNumber': 5847, 'station': 'Blue2', 'dq': False}, {'teamNumber': 111, 'station': 'Blue3', 'dq': False}]"
2017-03-31T11:18:21.0533333,Qualification 18,Qualification,18,100,5,15,195,5,10,2017-03-31T11:21:34.24,"[{'teamNumber': 2526, 'station': 'Red1', 'dq': False}, {'teamNumber': 2709, 'station': 'Red2', 'dq': False}, {'teamNumber': 3138, 'station': 'Red3', 'dq': False}, {'teamNumber': 4241, 'station': 'Blue1', 'dq': False}, {'teamNumber': 3352, 'station': 'Blue2', 'dq': False}, {'teamNumber': 5125, 'station': 'Blue3', 'dq': False}]"
2017-03-31T17:38:57.58,Qualification 19,Qualification,19,287,25,77,195,0,15,2017-03-31T17:41:45.4533333,"[{'teamNumber': 4292, 'station': 'Red1', 'dq': False}, {'teamNumber': 1625, 'station': 'Red2', 'dq': False}, {'teamNumber': 1736, 'station': 'Red3', 'dq': False}, {'teamNumber': 2039, 'station': 'Blue1', 'dq': False}, {'teamNumber': 1288, 'station': 'Blue2', 'dq': False}, {'teamNumber': 3734, 'station': 'Blue3', 'dq': False}]"
2017-03-31T11:44:44.47,Qualification 20,Qualification,20,305,0,118,301,0,71,2017-03-31T11:47:26.3866667,"[{'teamNumber': 2338, 'station': 'Red1', 'dq': False}, {'teamNumber': 4787, 'station': 'Red2', 'dq': False}, {'teamNumber': 1986, 'station': 'Red3', 'dq': False}, {'teamNumber': 16, 'station': 'Blue1', 'dq': False}, {'teamNumber': 1739, 'station': 'Blue2', 'dq': False}, {'teamNumber': 144, 'station': 'Blue3', 'dq': False}]"
2017-03-31T11:53:49.19,Qualification 21,Qualification,21,180,0,10,212,0,82,2017-03-31T11:56:33.34,"[{'teamNumber': 2136, 'station': 'Red1', 'dq': False}, {'teamNumber': 6651, 'station': 'Red2', 'dq': False}, {'teamNumber': 5822, 'station': 'Red3', 'dq': False}, {'teamNumber': 5811, 'station': 'Blue1', 'dq': False}, {'teamNumber': 3110, 'station': 'Blue2', 'dq': False}, {'teamNumber': 3620, 'station': 'Blue3', 'dq': False}]"
2017-03-31T12:01:53.3366667,Qualification 22,Qualification,22,177,5,31,195,0,15,2017-03-31T12:04:41.0266667,"[{'teamNumber': 2151, 'station': 'Red1', 'dq': False}, {'teamNumber': 2451, 'station': 'Red2', 'dq': False}, {'teamNumber': 3067, 'station': 'Red3', 'dq': False}, {'teamNumber': 4241, 'station': 'Blue1', 'dq': False}, {'teamNumber': 4524, 'station': 'Blue2', 'dq': False}, {'teamNumber': 2709, 'station': 'Blue3', 'dq': False}]"
2017-03-31T12:08:32.9633333,Qualification 23,Qualification,23,253,0,73,308,0,78,2017-03-31T12:11:15.2333333,"[{'teamNumber': 383, 'station': 'Red1', 'dq': False}, {'teamNumber': 2725, 'station': 'Red2', 'dq': False}, {'teamNumber': 1781, 'station': 'Red3', 'dq': False}, {'teamNumber': 4645, 'station': 'Blue1', 'dq': False}, {'teamNumber': 5847, 'station': 'Blue2', 'dq': False}, {'teamNumber': 4655, 'station': 'Blue3', 'dq': False}]"
2017-03-31T12:16:23.7333333,Qualification 24,Qualification,24,270,0,80,305,0,75,2017-03-31T12:19:16.5433333,"[{'teamNumber': 1756, 'station': 'Red1', 'dq': False}, {'teamNumber': 4213, 'station': 'Red2', 'dq': False}, {'teamNumber': 5934, 'station': 'Red3', 'dq': False}, {'teamNumber': 111, 'station': 'Blue1', 'dq': False}, {'teamNumber': 2526, 'station': 'Blue2', 'dq': False}, {'teamNumber': 3061, 'station': 'Blue3', 'dq': False}]"
2017-03-31T13:03:30.98,Qualification 25,Qualification,25,256,0,76,310,0,80,2017-03-31T13:06:11.1766667,"[{'teamNumber': 3352, 'station': 'Red1', 'dq': False}, {'teamNumber': 4284, 'station': 'Red2', 'dq': False}, {'teamNumber': 1723, 'station': 'Red3', 'dq': False}, {'teamNumber': 1405, 'station': 'Blue1', 'dq': False}, {'teamNumber': 1592, 'station': 'Blue2', 'dq': False}, {'teamNumber': 2781, 'station': 'Blue3', 'dq': False}]"
2017-03-31T13:10:57.07,Qualification 26,Qualification,26,230,0,10,205,0,75,2017-03-31T13:14:00.3633333,"[{'teamNumber': 2704, 'station': 'Red1', 'dq': False}, {'teamNumber': 101, 'station': 'Red2', 'dq': False}, {'teamNumber': 5350, 'station': 'Red3', 'dq': False}, {'teamNumber': 4979, 'station': 'Blue1', 'dq': False}, {'teamNumber': 4096, 'station': 'Blue2', 'dq': False}, {'teamNumber': 3488, 'station': 'Blue3', 'dq': False}]"
2017-03-31T13:18:11.7133333,Qualification 27,Qualification,27,283,25,78,318,55,76,2017-03-31T13:20:52.3866667,"[{'teamNumber': 1511, 'station': 'Red1', 'dq': False}, {'teamNumber': 2022, 'station': 'Red2', 'dq': False}, {'teamNumber': 4645, 'station': 'Red3', 'dq': False}, {'teamNumber': 1939, 'station': 'Blue1', 'dq': False}, {'teamNumber': 5811, 'station': 'Blue2', 'dq': False}, {'teamNumber': 144, 'station': 'Blue3', 'dq': False}]"
2017-03-31T13:26:18.2033333,Qualification 28,Qualification,28,140,25,75,155,5,70,2017-03-31T13:30:24.59,"[{'teamNumber': 3067, 'station': 'Red1', 'dq': False}, {'teamNumber': 4213, 'station': 'Red2', 'dq': False}, {'teamNumber': 4787, 'station': 'Red3', 'dq': False}, {'teamNumber': 2725, 'station': 'Blue1', 'dq': False}, {'teamNumber': 1736, 'station': 'Blue2', 'dq': False}, {'teamNumber': 5934, 'station': 'Blue3', 'dq': False}]"
2017-03-31T13:35:52.1,Qualification 29,Qualification,29,165,0,75,353,0,47,2017-03-31T13:38:36.27,"[{'teamNumber': 111, 'station': 'Red1', 'dq': False}, {'teamNumber': 4241, 'station': 'Red2', 'dq': False}, {'teamNumber': 3110, 'station': 'Red3', 'dq': False}, {'teamNumber': 2781, 'station': 'Blue1', 'dq': False}, {'teamNumber': 1986, 'station': 'Blue2', 'dq': False}, {'teamNumber': 4284, 'station': 'Blue3', 'dq': False}]"
2017-03-31T13:44:17.42,Qualification 30,Qualification,30,238,0,18,330,25,75,2017-03-31T13:46:57.98,"[{'teamNumber': 1781, 'station': 'Red1', 'dq': False}, {'teamNumber': 1723, 'station': 'Red2', 'dq': False}, {'teamNumber': 2136, 'station': 'Red3', 'dq': False}, {'teamNumber': 4979, 'station': 'Blue1', 'dq': False}, {'teamNumber': 101, 'station': 'Blue2', 'dq': False}, {'teamNumber': 2039, 'station': 'Blue3', 'dq': False}]"
2017-03-31T13:54:36.0933333,Qualification 31,Qualification,31,255,0,75,256,0,75,2017-03-31T14:00:05.7666667,"[{'teamNumber': 1405, 'station': 'Red1', 'dq': False}, {'teamNumber': 3061, 'station': 'Red2', 'dq': False}, {'teamNumber': 3734, 'station': 'Red3', 'dq': False}, {'teamNumber': 1939, 'station': 'Blue1', 'dq': False}, {'teamNumber': 3138, 'station': 'Blue2', 'dq': False}, {'teamNumber': 6651, 'station': 'Blue3', 'dq': False}]"
2017-03-31T14:04:46.41,Qualification 32,Qualification,32,285,0,15,256,0,31,2017-03-31T14:07:49.54,"[{'teamNumber': 3488, 'station': 'Red1', 'dq': False}, {'teamNumber': 3620, 'station': 'Red2', 'dq': False}, {'teamNumber': 2526, 'station': 'Red3', 'dq': False}, {'teamNumber': 4292, 'station': 'Blue1', 'dq': False}, {'teamNumber': 4096, 'station': 'Blue2', 'dq': False}, {'teamNumber': 2451, 'station': 'Blue3', 'dq': False}]"
2017-03-31T14:14:08.1966667,Qualification 33,Qualification,33,305,0,75,155,0,75,2017-03-31T14:16:48.82,"[{'teamNumber': 1625, 'station': 'Red1', 'dq': False}, {'teamNumber': 2709, 'station': 'Red2', 'dq': False}, {'teamNumber': 4655, 'station': 'Red3', 'dq': False}, {'teamNumber': 2704, 'station': 'Blue1', 'dq': False}, {'teamNumber': 16, 'station': 'Blue2', 'dq': False}, {'teamNumber': 5822, 'station': 'Blue3', 'dq': False}]"
2017-03-31T14:21:11.7966667,Qualification 34,Qualification,34,187,0,17,206,0,75,2017-03-31T14:24:34.02,"[{'teamNumber': 4524, 'station': 'Red1', 'dq': False}, {'teamNumber': 2338, 'station': 'Red2', 'dq': False}, {'teamNumber': 1739, 'station': 'Red3', 'dq': False}, {'teamNumber': 3352, 'station': 'Blue1', 'dq': False}, {'teamNumber': 383, 'station': 'Blue2', 'dq': False}, {'teamNumber': 5350, 'station': 'Blue3', 'dq': False}]"
2017-03-31T14:29:53.6666667,Qualification 35,Qualification,35,240,0,20,317,5,82,2017-03-31T14:32:59.6333333,"[{'teamNumber': 2151, 'station': 'Red1', 'dq': False}, {'teamNumber': 1756, 'station': 'Red2', 'dq': False}, {'teamNumber': 5847, 'station': 'Red3', 'dq': False}, {'teamNumber': 1592, 'station': 'Blue1', 'dq': False}, {'teamNumber': 1288, 'station': 'Blue2', 'dq': False}, {'teamNumber': 1511, 'station': 'Blue3', 'dq': False}]"
2017-03-31T14:36:31.9266667,Qualification 36,Qualification,36,323,0,59,165,0,75,2017-03-31T14:39:17.2933333,"[{'teamNumber': 5125, 'station': 'Red1', 'dq': False}, {'teamNumber': 1986, 'station': 'Red2', 'dq': False}, {'teamNumber': 4213, 'station': 'Red3', 'dq': False}, {'teamNumber': 2022, 'station': 'Blue1', 'dq': False}, {'teamNumber': 4292, 'station': 'Blue2', 'dq': False}, {'teamNumber': 2136, 'station': 'Blue3', 'dq': False}]"
2017-03-31T14:44:13.6433333,Qualification 37,Qualification,37,208,0,75,258,0,75,2017-03-31T14:46:54.8366667,"[{'teamNumber': 4655, 'station': 'Red1', 'dq': False}, {'teamNumber': 4787, 'station': 'Red2', 'dq': False}, {'teamNumber': 3488, 'station': 'Red3', 'dq': False}, {'teamNumber': 6651, 'station': 'Blue1', 'dq': False}, {'teamNumber': 2039, 'station': 'Blue2', 'dq': False}, {'teamNumber': 111, 'station': 'Blue3', 'dq': False}]"
2017-03-31T14:51:39.9566667,Qualification 38,Qualification,38,251,0,30,143,0,13,2017-03-31T14:54:50.15,"[{'teamNumber': 2451, 'station': 'Red1', 'dq': False}, {'teamNumber': 2781, 'station': 'Red2', 'dq': False}, {'teamNumber': 5811, 'station': 'Red3', 'dq': False}, {'teamNumber': 2704, 'station': 'Blue1', 'dq': False}, {'teamNumber': 1781, 'station': 'Blue2', 'dq': False}, {'teamNumber': 2338, 'station': 'Blue3', 'dq': False}]"
2017-03-31T14:58:37.3566667,Qualification 39,Qualification,39,195,0,15,283,25,78,2017-03-31T15:01:23.76,"[{'teamNumber': 5350, 'station': 'Red1', 'dq': False}, {'teamNumber': 1288, 'station': 'Red2', 'dq': False}, {'teamNumber': 4241, 'station': 'Red3', 'dq': False}, {'teamNumber': 3620, 'station': 'Blue1', 'dq': False}, {'teamNumber': 1723, 'station': 'Blue2', 'dq': False}, {'teamNumber': 5934, 'station': 'Blue3', 'dq': False}]"
2017-03-31T15:06:40.81,Qualification 40,Qualification,40,174,25,10,285,100,15,2017-03-31T15:09:25.1466667,"[{'teamNumber': 4096, 'station': 'Red1', 'dq': False}, {'teamNumber': 2725, 'station': 'Red2', 'dq': False}, {'teamNumber': 2709, 'station': 'Red3', 'dq': False}, {'teamNumber': 4284, 'station': 'Blue1', 'dq': False}, {'teamNumber': 1739, 'station': 'Blue2', 'dq': False}, {'teamNumber': 1939, 'station': 'Blue3', 'dq': False}]"
2017-03-31T15:14:57.6766667,Qualification 41,Qualification,41,195,0,15,322,25,77,2017-03-31T15:18:38.6966667,"[{'teamNumber': 101, 'station': 'Red1', 'dq': False}, {'teamNumber': 2526, 'station': 'Red2', 'dq': False}, {'teamNumber': 2151, 'station': 'Red3', 'dq': False}, {'teamNumber': 5822, 'station': 'Blue1', 'dq': False}, {'teamNumber': 1405, 'station': 'Blue2', 'dq': False}, {'teamNumber': 383, 'station': 'Blue3', 'dq': False}]"
2017-03-31T15:24:31.0033333,Qualification 42,Qualification,42,266,5,81,230,25,75,2017-03-31T15:27:34.9333333,"[{'teamNumber': 5125, 'station': 'Red1', 'dq': False}, {'teamNumber': 3061, 'station': 'Red2', 'dq': False}, {'teamNumber': 144, 'station': 'Red3', 'dq': False}, {'teamNumber': 1736, 'station': 'Blue1', 'dq': False}, {'teamNumber': 4524, 'station': 'Blue2', 'dq': False}, {'teamNumber': 3110, 'station': 'Blue3', 'dq': False}]"
2017-03-31T15:31:44.48,Qualification 43,Qualification,43,308,0,78,195,0,15,2017-03-31T15:34:23.9133333,"[{'teamNumber': 1592, 'station': 'Red1', 'dq': False}, {'teamNumber': 3138, 'station': 'Red2', 'dq': False}, {'teamNumber': 5847, 'station': 'Red3', 'dq': False}, {'teamNumber': 1625, 'station': 'Blue1', 'dq': False}, {'teamNumber': 4645, 'station': 'Blue2', 'dq': False}, {'teamNumber': 3067, 'station': 'Blue3', 'dq': False}]"
2017-03-31T15:40:23.0433333,Qualification 44,Qualification,44,325,35,20,230,0,10,2017-03-31T15:43:06.16,"[{'teamNumber': 16, 'station': 'Red1', 'dq': False}, {'teamNumber': 3734, 'station': 'Red2', 'dq': False}, {'teamNumber': 1756, 'station': 'Red3', 'dq': False}, {'teamNumber': 3352, 'station': 'Blue1', 'dq': False}, {'teamNumber': 4979, 'station': 'Blue2', 'dq': False}, {'teamNumber': 2022, 'station': 'Blue3', 'dq': False}]"
2017-03-31T15:47:49.7833333,Qualification 45,Qualification,45,309,0,75,235,0,15,2017-03-31T15:50:30.63,"[{'teamNumber': 1511, 'station': 'Red1', 'dq': False}, {'teamNumber': 4655, 'station': 'Red2', 'dq': False}, {'teamNumber': 383, 'station': 'Red3', 'dq': False}, {'teamNumber': 4096, 'station': 'Blue1', 'dq': False}, {'teamNumber': 4241, 'station': 'Blue2', 'dq': False}, {'teamNumber': 4787, 'station': 'Blue3', 'dq': False}]"
2017-03-31T15:55:31.4066667,Qualification 46,Qualification,46,165,0,75,185,0,15,2017-03-31T15:58:13.7666667,"[{'teamNumber': 4292, 'station': 'Red1', 'dq': False}, {'teamNumber': 2151, 'station': 'Red2', 'dq': False}, {'teamNumber': 2039, 'station': 'Red3', 'dq': False}, {'teamNumber': 3061, 'station': 'Blue1', 'dq': False}, {'teamNumber': 5350, 'station': 'Blue2', 'dq': False}, {'teamNumber': 2781, 'station': 'Blue3', 'dq': False}]"
2017-03-31T16:03:38.0933333,Qualification 47,Qualification,47,361,0,89,250,0,70,2017-03-31T16:06:33.15,"[{'teamNumber': 2451, 'station': 'Red1', 'dq': False}, {'teamNumber': 144, 'station': 'Red2', 'dq': False}, {'teamNumber': 1592, 'station': 'Red3', 'dq': False}, {'teamNumber': 2136, 'station': 'Blue1', 'dq': False}, {'teamNumber': 4213, 'station': 'Blue2', 'dq': False}, {'teamNumber': 3138, 'station': 'Blue3', 'dq': False}]"
2017-03-31T16:12:33.22,Qualification 48,Qualification,48,255,25,10,255,0,75,2017-03-31T16:15:18.6633333,"[{'teamNumber': 101, 'station': 'Red1', 'dq': False}, {'teamNumber': 4284, 'station': 'Red2', 'dq': False}, {'teamNumber': 4645, 'station': 'Red3', 'dq': False}, {'teamNumber': 4524, 'station': 'Blue1', 'dq': False}, {'teamNumber': 1625, 'station': 'Blue2', 'dq': False}, {'teamNumber': 1756, 'station': 'Blue3', 'dq': False}]"
2017-03-31T16:19:25.3466667,Qualification 49,Qualification,49,348,0,59,238,0,18,2017-03-31T16:22:06.0666667,"[{'teamNumber': 1986, 'station': 'Red1', 'dq': False}, {'teamNumber': 2709, 'station': 'Red2', 'dq': False}, {'teamNumber': 1288, 'station': 'Red3', 'dq': False}, {'teamNumber': 3734, 'station': 'Blue1', 'dq': False}, {'teamNumber': 1781, 'station': 'Blue2', 'dq': False}, {'teamNumber': 3488, 'station': 'Blue3', 'dq': False}]"
2017-03-31T16:26:43.8033333,Qualification 50,Qualification,50,362,5,86,255,0,75,2017-03-31T16:29:23.7233333,"[{'teamNumber': 16, 'station': 'Red1', 'dq': False}, {'teamNumber': 1736, 'station': 'Red2', 'dq': False}, {'teamNumber': 2338, 'station': 'Red3', 'dq': False}, {'teamNumber': 2526, 'station': 'Blue1', 'dq': False}, {'teamNumber': 6651, 'station': 'Blue2', 'dq': False}, {'teamNumber': 5847, 'station': 'Blue3', 'dq': False}]"
2017-03-31T16:38:00.7333333,Qualification 51,Qualification,51,205,0,75,190,0,10,2017-03-31T16:40:42.1,"[{'teamNumber': 2022, 'station': 'Red1', 'dq': False}, {'teamNumber': 2704, 'station': 'Red2', 'dq': False}, {'teamNumber': 3110, 'station': 'Red3', 'dq': False}, {'teamNumber': 3067, 'station': 'Blue1', 'dq': False}, {'teamNumber': 1723, 'station': 'Blue2', 'dq': False}, {'teamNumber': 2725, 'station': 'Blue3', 'dq': False}]"
2017-03-31T16:45:38.3766667,Qualification 52,Qualification,52,264,0,84,306,0,75,2017-03-31T16:48:35.1533333,"[{'teamNumber': 3352, 'station': 'Red1', 'dq': False}, {'teamNumber': 5822, 'station': 'Red2', 'dq': False}, {'teamNumber': 3620, 'station': 'Red3', 'dq': False}, {'teamNumber': 1511, 'station': 'Blue1', 'dq': False}, {'teamNumber': 111, 'station': 'Blue2', 'dq': False}, {'teamNumber': 1939, 'station': 'Blue3', 'dq': False}]"
2017-03-31T16:53:19.1166667,Qualification 53,Qualification,53,205,0,75,165,0,75,2017-03-31T16:55:58.5233333,"[{'teamNumber': 1739, 'station': 'Red1', 'dq': False}, {'teamNumber': 1405, 'station': 'Red2', 'dq': False}, {'teamNumber': 4979, 'station': 'Red3', 'dq': False}, {'teamNumber': 5125, 'station': 'Blue1', 'dq': False}, {'teamNumber': 5934, 'station': 'Blue2', 'dq': False}, {'teamNumber': 5811, 'station': 'Blue3', 'dq': False}]"
2017-03-31T17:02:17.53,Qualification 54,Qualification,54,281,25,76,301,0,48,2017-03-31T17:05:22.4066667,"[{'teamNumber': 1736, 'station': 'Red1', 'dq': False}, {'teamNumber': 383, 'station': 'Red2', 'dq': False}, {'teamNumber': 4096, 'station': 'Red3', 'dq': False}, {'teamNumber': 1756, 'station': 'Blue1', 'dq': False}, {'teamNumber': 1986, 'station': 'Blue2', 'dq': False}, {'teamNumber': 5350, 'station': 'Blue3', 'dq': False}]"
2017-03-31T17:10:13.5933333,Qualification 55,Qualification,55,230,25,75,190,0,10,2017-03-31T17:13:00.72,"[{'teamNumber': 2704, 'station': 'Red1', 'dq': False}, {'teamNumber': 6651, 'station': 'Red2', 'dq': False}, {'teamNumber': 4655, 'station': 'Red3', 'dq': False}, {'teamNumber': 4213, 'station': 'Blue1', 'dq': False}, {'teamNumber': 4284, 'station': 'Blue2', 'dq': False}, {'teamNumber': 2151, 'station': 'Blue3', 'dq': False}]"
2017-03-31T17:17:22.0666667,Qualification 56,Qualification,56,230,0,10,180,0,10,2017-03-31T17:20:01.6466667,"[{'teamNumber': 2526, 'station': 'Red1', 'dq': False}, {'teamNumber': 2136, 'station': 'Red2', 'dq': False}, {'teamNumber': 1625, 'station': 'Red3', 'dq': False}, {'teamNumber': 2725, 'station': 'Blue1', 'dq': False}, {'teamNumber': 2781, 'station': 'Blue2', 'dq': False}, {'teamNumber': 4787, 'station': 'Blue3', 'dq': False}]"
2017-03-31T17:25:04.0966667,Qualification 57,Qualification,57,255,0,75,243,0,23,2017-03-31T17:27:49.9466667,"[{'teamNumber': 4241, 'station': 'Red1', 'dq': False}, {'teamNumber': 1511, 'station': 'Red2', 'dq': False}, {'teamNumber': 3061, 'station': 'Red3', 'dq': False}, {'teamNumber': 2338, 'station': 'Blue1', 'dq': False}, {'teamNumber': 4979, 'station': 'Blue2', 'dq': False}, {'teamNumber': 1592, 'station': 'Blue3', 'dq': False}]"
2017-04-01T08:58:47.24,Qualification 58,Qualification,58,190,25,75,251,5,10,2017-04-01T09:01:27.91,"[{'teamNumber': 4645, 'station': 'Red1', 'dq': False}, {'teamNumber': 2039, 'station': 'Red2', 'dq': False}, {'teamNumber': 1939, 'station': 'Red3', 'dq': False}, {'teamNumber': 2451, 'station': 'Blue1', 'dq': False}, {'teamNumber': 5125, 'station': 'Blue2', 'dq': False}, {'teamNumber': 1288, 'station': 'Blue3', 'dq': False}]"
2017-04-01T09:10:11.7333333,Qualification 59,Qualification,59,155,0,75,140,0,10,2017-04-01T09:13:12.5633333,"[{'teamNumber': 5847, 'station': 'Red1', 'dq': False}, {'teamNumber': 5811, 'station': 'Red2', 'dq': False}, {'teamNumber': 1723, 'station': 'Red3', 'dq': False}, {'teamNumber': 2709, 'station': 'Blue1', 'dq': False}, {'teamNumber': 111, 'station': 'Blue2', 'dq': False}, {'teamNumber': 3734, 'station': 'Blue3', 'dq': False}]"
2017-04-01T09:27:16.7533333,Qualification 60,Qualification,60,143,0,13,255,0,75,2017-04-01T09:29:59.94,"[{'teamNumber': 1781, 'station': 'Red1', 'dq': False}, {'teamNumber': 3110, 'station': 'Red2', 'dq': False}, {'teamNumber': 5934, 'station': 'Red3', 'dq': False}, {'teamNumber': 3488, 'station': 'Blue1', 'dq': False}, {'teamNumber': 3352, 'station': 'Blue2', 'dq': False}, {'teamNumber': 3138, 'station': 'Blue3', 'dq': False}]"
2017-04-01T09:35:29.2966667,Qualification 61,Qualification,61,310,5,75,216,0,84,2017-04-01T09:38:11.29,"[{'teamNumber': 1405, 'station': 'Red1', 'dq': False}, {'teamNumber': 2022, 'station': 'Red2', 'dq': False}, {'teamNumber': 16, 'station': 'Red3', 'dq': False}, {'teamNumber': 4524, 'station': 'Blue1', 'dq': False}, {'teamNumber': 144, 'station': 'Blue2', 'dq': False}, {'teamNumber': 3620, 'station': 'Blue3', 'dq': False}]"
2017-04-01T09:42:44.38,Qualification 62,Qualification,62,235,0,15,145,5,10,2017-04-01T09:45:56.91,"[{'teamNumber': 4292, 'station': 'Red1', 'dq': False}, {'teamNumber': 5822, 'station': 'Red2', 'dq': False}, {'teamNumber': 101, 'station': 'Red3', 'dq': False}, {'teamNumber': 1739, 'station': 'Blue1', 'dq': False}, {'teamNumber': 3067, 'station': 'Blue2', 'dq': False}, {'teamNumber': 4241, 'station': 'Blue3', 'dq': False}]"
2017-04-01T09:48:58.33,Qualification 63,Qualification,63,165,0,75,305,0,75,2017-04-01T09:51:41.3833333,"[{'teamNumber': 2709, 'station': 'Red1', 'dq': False}, {'teamNumber': 1511, 'station': 'Red2', 'dq': False}, {'teamNumber': 2781, 'station': 'Red3', 'dq': False}, {'teamNumber': 1736, 'station': 'Blue1', 'dq': False}, {'teamNumber': 4979, 'station': 'Blue2', 'dq': False}, {'teamNumber': 4213, 'station': 'Blue3', 'dq': False}]"
2017-04-01T09:56:12.9766667,Qualification 64,Qualification,64,255,0,75,215,5,75,2017-04-01T09:59:06.1033333,"[{'teamNumber': 5811, 'station': 'Red1', 'dq': False}, {'teamNumber': 3352, 'station': 'Red2', 'dq': False}, {'teamNumber': 4096, 'station': 'Red3', 'dq': False}, {'teamNumber': 5847, 'station': 'Blue1', 'dq': False}, {'teamNumber': 2039, 'station': 'Blue2', 'dq': False}, {'teamNumber': 1625, 'station': 'Blue3', 'dq': False}]"
2017-04-01T10:03:53.2766667,Qualification 65,Qualification,65,307,0,86,175,0,5,2017-04-01T10:06:33.44,"[{'teamNumber': 1723, 'station': 'Red1', 'dq': False}, {'teamNumber': 2338, 'station': 'Red2', 'dq': False}, {'teamNumber': 3138, 'station': 'Red3', 'dq': False}, {'teamNumber': 4284, 'station': 'Blue1', 'dq': False}, {'teamNumber': 4655, 'station': 'Blue2', 'dq': False}, {'teamNumber': 4524, 'station': 'Blue3', 'dq': False}]"
2017-04-01T10:11:47.4833333,Qualification 66,Qualification,66,181,30,21,271,0,102,2017-04-01T10:14:40.3833333,"[{'teamNumber': 6651, 'station': 'Red1', 'dq': False}, {'teamNumber': 4645, 'station': 'Red2', 'dq': False}, {'teamNumber': 1592, 'station': 'Red3', 'dq': False}, {'teamNumber': 1986, 'station': 'Blue1', 'dq': False}, {'teamNumber': 5822, 'station': 'Blue2', 'dq': False}, {'teamNumber': 5934, 'station': 'Blue3', 'dq': False}]"
2017-04-01T10:18:35.1966667,Qualification 67,Qualification,67,90,0,10,315,0,85,2017-04-01T10:21:23.1,"[{'teamNumber': 1739, 'station': 'Red1', 'dq': False}, {'teamNumber': 3488, 'station': 'Red2', 'dq': False}, {'teamNumber': 2725, 'station': 'Red3', 'dq': False}, {'teamNumber': 1756, 'station': 'Blue1', 'dq': False}, {'teamNumber': 3061, 'station': 'Blue2', 'dq': False}, {'teamNumber': 3620, 'station': 'Blue3', 'dq': False}]"
2017-04-01T10:25:04.49,Qualification 68,Qualification,68,246,0,97,355,50,75,2017-04-01T10:27:44.6766667,"[{'teamNumber': 3110, 'station': 'Red1', 'dq': False}, {'teamNumber': 4787, 'station': 'Red2', 'dq': False}, {'teamNumber': 2451, 'station': 'Red3', 'dq': False}, {'teamNumber': 1405, 'station': 'Blue1', 'dq': False}, {'teamNumber': 101, 'station': 'Blue2', 'dq': False}, {'teamNumber': 1288, 'station': 'Blue3', 'dq': False}]"
2017-04-01T10:31:31.5166667,Qualification 69,Qualification,69,95,0,15,172,25,17,2017-04-01T10:34:11.6333333,"[{'teamNumber': 5350, 'station': 'Red1', 'dq': False}, {'teamNumber': 3734, 'station': 'Red2', 'dq': False}, {'teamNumber': 144, 'station': 'Red3', 'dq': False}, {'teamNumber': 5125, 'station': 'Blue1', 'dq': False}, {'teamNumber': 3067, 'station': 'Blue2', 'dq': False}, {'teamNumber': 2526, 'station': 'Blue3', 'dq': False}]"
2017-04-01T10:38:45.0766667,Qualification 70,Qualification,70,287,25,21,160,0,70,2017-04-01T10:41:54.86,"[{'teamNumber': 1939, 'station': 'Red1', 'dq': False}, {'teamNumber': 16, 'station': 'Red2', 'dq': False}, {'teamNumber': 4292, 'station': 'Red3', 'dq': False}, {'teamNumber': 2136, 'station': 'Blue1', 'dq': False}, {'teamNumber': 383, 'station': 'Blue2', 'dq': False}, {'teamNumber': 2704, 'station': 'Blue3', 'dq': False}]"
2017-04-01T10:45:38.3566667,Qualification 71,Qualification,71,255,0,75,276,0,75,2017-04-01T10:48:21.17,"[{'teamNumber': 2022, 'station': 'Red1', 'dq': False}, {'teamNumber': 2151, 'station': 'Red2', 'dq': False}, {'teamNumber': 1739, 'station': 'Red3', 'dq': False}, {'teamNumber': 111, 'station': 'Blue1', 'dq': False}, {'teamNumber': 1781, 'station': 'Blue2', 'dq': False}, {'teamNumber': 1625, 'station': 'Blue3', 'dq': False}]"
2017-04-01T10:54:02.9666667,Qualification 72,Qualification,72,299,0,26,232,25,77,2017-04-01T10:56:48.65,"[{'teamNumber': 2338, 'station': 'Red1', 'dq': False}, {'teamNumber': 2709, 'station': 'Red2', 'dq': False}, {'teamNumber': 3061, 'station': 'Red3', 'dq': False}, {'teamNumber': 3620, 'station': 'Blue1', 'dq': False}, {'teamNumber': 4645, 'station': 'Blue2', 'dq': False}, {'teamNumber': 4787, 'station': 'Blue3', 'dq': False}]"
2017-04-01T11:04:54.6466667,Qualification 73,Qualification,73,294,5,15,180,0,10,2017-04-01T11:07:35.53,"[{'teamNumber': 1288, 'station': 'Red1', 'dq': False}, {'teamNumber': 2781, 'station': 'Red2', 'dq': False}, {'teamNumber': 4096, 'station': 'Red3', 'dq': False}, {'teamNumber': 6651, 'station': 'Blue1', 'dq': False}, {'teamNumber': 5811, 'station': 'Blue2', 'dq': False}, {'teamNumber': 4524, 'station': 'Blue3', 'dq': False}]"
2017-04-01T11:11:22.5266667,Qualification 74,Qualification,74,355,50,72,215,0,75,2017-04-01T11:14:04.88,"[{'teamNumber': 5847, 'station': 'Red1', 'dq': False}, {'teamNumber': 144, 'station': 'Red2', 'dq': False}, {'teamNumber': 5934, 'station': 'Red3', 'dq': False}, {'teamNumber': 4292, 'station': 'Blue1', 'dq': False}, {'teamNumber': 2704, 'station': 'Blue2', 'dq': False}, {'teamNumber': 4284, 'station': 'Blue3', 'dq': False}]"
2017-04-01T11:19:05.1566667,Qualification 75,Qualification,75,260,25,15,290,25,75,2017-04-01T11:21:46.52,"[{'teamNumber': 383, 'station': 'Red1', 'dq': False}, {'teamNumber': 4241, 'station': 'Red2', 'dq': False}, {'teamNumber': 3734, 'station': 'Red3', 'dq': False}, {'teamNumber': 2039, 'station': 'Blue1', 'dq': False}, {'teamNumber': 3488, 'station': 'Blue2', 'dq': False}, {'teamNumber': 4213, 'station': 'Blue3', 'dq': False}]"
2017-04-01T11:27:12.6466667,Qualification 76,Qualification,76,255,0,75,276,25,105,2017-04-01T11:29:58.4066667,"[{'teamNumber': 4979, 'station': 'Red1', 'dq': False}, {'teamNumber': 2526, 'station': 'Red2', 'dq': False}, {'teamNumber': 1723, 'station': 'Red3', 'dq': False}, {'teamNumber': 1986, 'station': 'Blue1', 'dq': False}, {'teamNumber': 2151, 'station': 'Blue2', 'dq': False}, {'teamNumber': 1939, 'station': 'Blue3', 'dq': False}]"
2017-04-01T11:34:37.6033333,Qualification 77,Qualification,77,295,5,18,243,0,14,2017-04-01T11:37:28.9766667,"[{'teamNumber': 1592, 'station': 'Red1', 'dq': False}, {'teamNumber': 5125, 'station': 'Red2', 'dq': False}, {'teamNumber': 111, 'station': 'Red3', 'dq': False}, {'teamNumber': 2725, 'station': 'Blue1', 'dq': False}, {'teamNumber': 16, 'station': 'Blue2', 'dq': False}, {'teamNumber': 101, 'station': 'Blue3', 'dq': False}]"
2017-04-01T11:43:39.94,Qualification 78,Qualification,78,366,175,10,294,0,82,2017-04-01T11:47:35.5933333,"[{'teamNumber': 5822, 'station': 'Red1', 'dq': False}, {'teamNumber': 5350, 'station': 'Red2', 'dq': False}, {'teamNumber': 1511, 'station': 'Red3', 'dq': False}, {'teamNumber': 2451, 'station': 'Blue1', 'dq': False}, {'teamNumber': 3138, 'station': 'Blue2', 'dq': False}, {'teamNumber': 2022, 'station': 'Blue3', 'dq': False}]"
2017-04-01T11:51:33.0866667,Qualification 79,Qualification,79,115,0,75,308,0,78,2017-04-01T11:54:18.9666667,"[{'teamNumber': 1736, 'station': 'Red1', 'dq': False}, {'teamNumber': 2136, 'station': 'Red2', 'dq': False}, {'teamNumber': 3067, 'station': 'Red3', 'dq': False}, {'teamNumber': 4655, 'station': 'Blue1', 'dq': False}, {'teamNumber': 1405, 'station': 'Blue2', 'dq': False}, {'teamNumber': 3352, 'station': 'Blue3', 'dq': False}]"
2017-04-01T12:00:20.77,Qualification 80,Qualification,80,290,0,20,257,0,77,2017-04-01T12:03:02.8333333,"[{'teamNumber': 1781, 'station': 'Red1', 'dq': False}, {'teamNumber': 1756, 'station': 'Red2', 'dq': False}, {'teamNumber': 2039, 'station': 'Red3', 'dq': False}, {'teamNumber': 3110, 'station': 'Blue1', 'dq': False}, {'teamNumber': 4292, 'station': 'Blue2', 'dq': False}, {'teamNumber': 2338, 'station': 'Blue3', 'dq': False}]"
2017-04-01T13:34:57.0766667,Quarterfinal 1,Playoff,1,360,0,126,307,0,77,2017-04-01T13:37:41.1033333,"[{'teamNumber': 5847, 'station': 'Red1', 'dq': False}, {'teamNumber': 1986, 'station': 'Red2', 'dq': False}, {'teamNumber': 16, 'station': 'Red3', 'dq': False}, {'teamNumber': 1756, 'station': 'Blue1', 'dq': False}, {'teamNumber': 144, 'station': 'Blue2', 'dq': False}, {'teamNumber': 2526, 'station': 'Blue3', 'dq': False}]"
2017-04-01T13:42:25.0566667,Quarterfinal 2,Playoff,2,281,0,11,400,5,75,2017-04-01T13:45:10.2266667,"[{'teamNumber': 4096, 'station': 'Red1', 'dq': False}, {'teamNumber': 5822, 'station': 'Red2', 'dq': False}, {'teamNumber': 1736, 'station': 'Red3', 'dq': False}, {'teamNumber': 2338, 'station': 'Blue1', 'dq': False}, {'teamNumber': 1939, 'station': 'Blue2', 'dq': False}, {'teamNumber': 2039, 'station': 'Blue3', 'dq': False}]"
2017-04-01T13:51:24.9933333,Quarterfinal 3,Playoff,3,345,5,100,284,25,79,2017-04-01T13:54:10.93,"[{'teamNumber': 1625, 'station': 'Red1', 'dq': False}, {'teamNumber': 1511, 'station': 'Red2', 'dq': False}, {'teamNumber': 2451, 'station': 'Red3', 'dq': False}, {'teamNumber': 2022, 'station': 'Blue1', 'dq': False}, {'teamNumber': 1592, 'station': 'Blue2', 'dq': False}, {'teamNumber': 4655, 'station': 'Blue3', 'dq': False}]"
2017-04-01T13:58:34.3333333,Quarterfinal 4,Playoff,4,450,5,75,287,0,15,2017-04-01T14:01:18.65,"[{'teamNumber': 4213, 'station': 'Red1', 'dq': False}, {'teamNumber': 1405, 'station': 'Red2', 'dq': False}, {'teamNumber': 3620, 'station': 'Red3', 'dq': False}, {'teamNumber': 1288, 'station': 'Blue1', 'dq': False}, {'teamNumber': 111, 'station': 'Blue2', 'dq': False}, {'teamNumber': 1723, 'station': 'Blue3', 'dq': False}]"
2017-04-01T14:04:39.5433333,Quarterfinal 5,Playoff,5,310,0,53,308,0,77,2017-04-01T14:07:23.53,"[{'teamNumber': 5847, 'station': 'Red1', 'dq': False}, {'teamNumber': 1986, 'station': 'Red2', 'dq': False}, {'teamNumber': 16, 'station': 'Red3', 'dq': False}, {'teamNumber': 1756, 'station': 'Blue1', 'dq': False}, {'teamNumber': 144, 'station': 'Blue2', 'dq': False}, {'teamNumber': 2526, 'station': 'Blue3', 'dq': False}]"
2017-04-01T14:12:19.0566667,Quarterfinal 6,Playoff,6,309,0,72,287,0,16,2017-04-01T14:15:02.0366667,"[{'teamNumber': 4096, 'station': 'Red1', 'dq': False}, {'teamNumber': 5822, 'station': 'Red2', 'dq': False}, {'teamNumber': 1736, 'station': 'Red3', 'dq': False}, {'teamNumber': 2338, 'station': 'Blue1', 'dq': False}, {'teamNumber': 1939, 'station': 'Blue2', 'dq': False}, {'teamNumber': 2039, 'station': 'Blue3', 'dq': False}]"
2017-04-01T14:19:35.7,Quarterfinal 7,Playoff,7,340,5,109,287,0,17,2017-04-01T14:22:19.69,"[{'teamNumber': 1625, 'station': 'Red1', 'dq': False}, {'teamNumber': 1511, 'station': 'Red2', 'dq': False}, {'teamNumber': 2451, 'station': 'Red3', 'dq': False}, {'teamNumber': 2022, 'station': 'Blue1', 'dq': False}, {'teamNumber': 1592, 'station': 'Blue2', 'dq': False}, {'teamNumber': 4655, 'station': 'Blue3', 'dq': False}]"
2017-04-01T14:26:20.6,Quarterfinal 8,Playoff,8,470,25,75,235,0,15,2017-04-01T14:29:08.3066667,"[{'teamNumber': 4213, 'station': 'Red1', 'dq': False}, {'teamNumber': 1405, 'station': 'Red2', 'dq': False}, {'teamNumber': 3620, 'station': 'Red3', 'dq': False}, {'teamNumber': 1288, 'station': 'Blue1', 'dq': False}, {'teamNumber': 111, 'station': 'Blue2', 'dq': False}, {'teamNumber': 1723, 'station': 'Blue3', 'dq': False}]"
2017-04-01T14:33:03.2533333,Tiebreaker 2,Playoff,10,302,0,71,215,0,83,2017-04-01T14:35:51.8533333,"[{'teamNumber': 4096, 'station': 'Red1', 'dq': False}, {'teamNumber': 5822, 'station': 'Red2', 'dq': False}, {'teamNumber': 1736, 'station': 'Red3', 'dq': False}, {'teamNumber': 2338, 'station': 'Blue1', 'dq': False}, {'teamNumber': 1939, 'station': 'Blue2', 'dq': False}, {'teamNumber': 2039, 'station': 'Blue3', 'dq': False}]"
2017-04-01T14:45:29.0433333,Semifinal 1,Playoff,13,361,0,124,190,0,10,2017-04-01T14:48:37.1433333,"[{'teamNumber': 5847, 'station': 'Red1', 'dq': False}, {'teamNumber': 1986, 'station': 'Red2', 'dq': False}, {'teamNumber': 16, 'station': 'Red3', 'dq': False}, {'teamNumber': 1736, 'station': 'Blue1', 'dq': False}, {'teamNumber': 5822, 'station': 'Blue2', 'dq': False}, {'teamNumber': 4096, 'station': 'Blue3', 'dq': False}]"
2017-04-01T14:52:59.8033333,Semifinal 2,Playoff,14,366,0,81,330,25,75,2017-04-01T14:55:45.7833333,"[{'teamNumber': 1625, 'station': 'Red1', 'dq': False}, {'teamNumber': 1511, 'station': 'Red2', 'dq': False}, {'teamNumber': 2451, 'station': 'Red3', 'dq': False}, {'teamNumber': 3620, 'station': 'Blue1', 'dq': False}, {'teamNumber': 1405, 'station': 'Blue2', 'dq': False}, {'teamNumber': 4213, 'station': 'Blue3', 'dq': False}]"
2017-04-01T15:06:30.9566667,Semifinal 3,Playoff,15,367,0,131,193,0,13,2017-04-01T15:09:19.1666667,"[{'teamNumber': 5847, 'station': 'Red1', 'dq': False}, {'teamNumber': 1986, 'station': 'Red2', 'dq': False}, {'teamNumber': 16, 'station': 'Red3', 'dq': False}, {'teamNumber': 1736, 'station': 'Blue1', 'dq': False}, {'teamNumber': 5822, 'station': 'Blue2', 'dq': False}, {'teamNumber': 4096, 'station': 'Blue3', 'dq': False}]"
2017-04-01T15:14:00.0733333,Semifinal 4,Playoff,16,320,0,45,349,0,79,2017-04-01T15:17:23.4466667,"[{'teamNumber': 1625, 'station': 'Red1', 'dq': False}, {'teamNumber': 1511, 'station': 'Red2', 'dq': False}, {'teamNumber': 2451, 'station': 'Red3', 'dq': False}, {'teamNumber': 3620, 'station': 'Blue1', 'dq': False}, {'teamNumber': 1405, 'station': 'Blue2', 'dq': False}, {'teamNumber': 4213, 'station': 'Blue3', 'dq': False}]"
2017-04-01T15:28:37.8733333,Tiebreaker 2,Playoff,18,391,25,100,328,0,18,2017-04-01T15:31:55.4433333,"[{'teamNumber': 1625, 'station': 'Red1', 'dq': False}, {'teamNumber': 1511, 'station': 'Red2', 'dq': False}, {'teamNumber': 2451, 'station': 'Red3', 'dq': False}, {'teamNumber': 3620, 'station': 'Blue1', 'dq': False}, {'teamNumber': 1405, 'station': 'Blue2', 'dq': False}, {'teamNumber': 4213, 'station': 'Blue3', 'dq': False}]"
2017-04-01T15:43:42.3133333,Final 1,Playoff,19,349,0,131,371,0,94,2017-04-01T15:46:28.26,"[{'teamNumber': 5847, 'station': 'Red1', 'dq': False}, {'teamNumber': 1986, 'station': 'Red2', 'dq': False}, {'teamNumber': 16, 'station': 'Red3', 'dq': False}, {'teamNumber': 2451, 'station': 'Blue1', 'dq': False}, {'teamNumber': 1511, 'station': 'Blue2', 'dq': False}, {'teamNumber': 1625, 'station': 'Blue3', 'dq': False}]"
2017-04-01T15:59:06.94,Final 2,Playoff,20,327,5,66,274,0,92,2017-04-01T16:01:53.9733333,"[{'teamNumber': 5847, 'station': 'Red1', 'dq': False}, {'teamNumber': 1986, 'station': 'Red2', 'dq': False}, {'teamNumber': 16, 'station': 'Red3', 'dq': False}, {'teamNumber': 2451, 'station': 'Blue1', 'dq': False}, {'teamNumber': 1511, 'station': 'Blue2', 'dq': False}, {'teamNumber': 1625, 'station': 'Blue3', 'dq': False}]"
2017-04-01T16:13:11.78,Final 3,Playoff,21,260,25,65,326,5,33,2017-04-01T16:16:29.3566667,"[{'teamNumber': 5847, 'station': 'Red1', 'dq': False}, {'teamNumber': 1986, 'station': 'Red2', 'dq': False}, {'teamNumber': 16, 'station': 'Red3', 'dq': False}, {'teamNumber': 2451, 'station': 'Blue1', 'dq': False}, {'teamNumber': 1511, 'station': 'Blue2', 'dq': False}, {'teamNumber': 1625, 'station': 'Blue3', 'dq': False}]"
